Model,Accuracy,Precision,Recall,F1-Score,AUC-ROC
Logistic Regression,0.9741219963031423,0.9773584905660377,0.9700374531835206,0.9736842105263158,0.997430219524864
Decision Tree,0.9630314232902033,0.9523809523809523,0.9737827715355806,0.9629629629629629,0.9631687580305641
Random Forest,0.9630314232902033,0.9731800766283525,0.951310861423221,0.9621212121212122,0.9969244648568851
XGBoost,0.9722735674676525,0.9809160305343512,0.9625468164794008,0.9716446124763705,0.9983870526804998
