Model,Accuracy,Precision,Recall,F1-Score,AUC-ROC
Logistic Regression,0.9759704251386322,0.9847328244274809,0.9662921348314607,0.9754253308128544,0.9962000054676181
Decision Tree,0.9593345656192237,0.9622641509433962,0.9550561797752809,0.9586466165413534,0.9592799147051587
Random Forest,0.9630314232902033,0.9695817490494296,0.9550561797752809,0.9622641509433962,0.9963777030536647
XGBoost,0.966728280961183,0.973384030418251,0.9588014981273408,0.9660377358490566,0.9975259028404275
